<?xml version="1.0" encoding="UTF-8"?>

<mule xmlns:file="http://www.mulesoft.org/schema/mule/file" xmlns:json="http://www.mulesoft.org/schema/mule/json" xmlns:metadata="http://www.mulesoft.org/schema/mule/metadata" xmlns:dw="http://www.mulesoft.org/schema/mule/ee/dw" xmlns:http="http://www.mulesoft.org/schema/mule/http" xmlns:tracking="http://www.mulesoft.org/schema/mule/ee/tracking" xmlns="http://www.mulesoft.org/schema/mule/core" xmlns:doc="http://www.mulesoft.org/schema/mule/documentation"
	xmlns:spring="http://www.springframework.org/schema/beans" 
	xmlns:xsi="http://www.w3.org/2001/XMLSchema-instance"
	xsi:schemaLocation="http://www.springframework.org/schema/beans http://www.springframework.org/schema/beans/spring-beans-current.xsd
http://www.mulesoft.org/schema/mule/core http://www.mulesoft.org/schema/mule/core/current/mule.xsd
http://www.mulesoft.org/schema/mule/http http://www.mulesoft.org/schema/mule/http/current/mule-http.xsd
http://www.mulesoft.org/schema/mule/ee/tracking http://www.mulesoft.org/schema/mule/ee/tracking/current/mule-tracking-ee.xsd
http://www.mulesoft.org/schema/mule/ee/dw http://www.mulesoft.org/schema/mule/ee/dw/current/dw.xsd
http://www.mulesoft.org/schema/mule/file http://www.mulesoft.org/schema/mule/file/current/mule-file.xsd
http://www.mulesoft.org/schema/mule/json http://www.mulesoft.org/schema/mule/json/current/mule-json.xsd">
    <http:listener-config name="HTTP_Listener_Configuration" host="0.0.0.0" port="8085" doc:name="HTTP Listener Configuration"/>
    <flow name="firstdatawaveFlow">
        <http:listener config-ref="HTTP_Listener_Configuration" path="/dw" allowedMethods="GET" doc:name="HTTP"/>
        <set-payload value="{&quot;destination&quot;:&quot;SFO&quot;,&quot;airline&quot;:&quot;united&quot;}" mimeType="application/json" doc:name="Set Payload"/>
        <dw:transform-message doc:name="Transform Message">
            <dw:input-payload doc:sample="sample_data\json.json"/>
            <dw:set-variable variableName="myvar"><![CDATA[%dw 1.0
%output application/java
---
{
	data: {
	hub: "MUA",
	code: payload.destination,
	airline: payload.airline
	
	
}
}]]></dw:set-variable>
            <dw:set-variable variableName="xmlVar"><![CDATA[%dw 1.0
%output application/java
---
{
}]]></dw:set-variable>
        </dw:transform-message>
        <set-property propertyName="test" value="1234" mimeType="application/json" doc:name="Property"/>
        <logger level="INFO" doc:name="Logger"/>
    </flow>
    <flow name="datawaveprojFlow">
        <file:inbound-endpoint path="C:\Users\priyanka.sharma\Desktop\javainput" moveToDirectory="C:\Users\priyanka.sharma\Desktop\javaoutput" responseTimeout="10000" metadata:id="0961319f-4d27-4ce1-8e50-48e91f8a12af" doc:name="File"/>
        <dw:transform-message metadata:id="498db6c4-7232-4674-a240-6af6af67449b" doc:name="Transform Message">
            <dw:set-payload><![CDATA[%dw 1.0
%output application/java
---
{
	employees: payload.employees map ((employee , indexOfEmployee) -> {
		firstName: employee.firstName,
		lastName: employee.lastName
	})
}
]]></dw:set-payload>
        </dw:transform-message>
        <logger message="#[payload]" level="INFO" doc:name="Logger"/>
        <file:outbound-endpoint path="C:\Users\priyanka.sharma\Desktop\javaoutput" outputPattern="#[flowVars.originalFilename]-#[server.dateTime].xml" responseTimeout="10000" doc:name="File"/>
    </flow>
</mule>
