<?xml version="1.0" encoding="UTF-8"?>

<mule xmlns:file="http://www.mulesoft.org/schema/mule/file" xmlns:dw="http://www.mulesoft.org/schema/mule/ee/dw" xmlns:metadata="http://www.mulesoft.org/schema/mule/metadata" xmlns="http://www.mulesoft.org/schema/mule/core" xmlns:doc="http://www.mulesoft.org/schema/mule/documentation"
	xmlns:spring="http://www.springframework.org/schema/beans" 
	xmlns:xsi="http://www.w3.org/2001/XMLSchema-instance"
	xsi:schemaLocation="http://www.springframework.org/schema/beans http://www.springframework.org/schema/beans/spring-beans-current.xsd
http://www.mulesoft.org/schema/mule/core http://www.mulesoft.org/schema/mule/core/current/mule.xsd
http://www.mulesoft.org/schema/mule/file http://www.mulesoft.org/schema/mule/file/current/mule-file.xsd
http://www.mulesoft.org/schema/mule/ee/dw http://www.mulesoft.org/schema/mule/ee/dw/current/dw.xsd">
    <flow name="dataweavetestFlow">
        <file:inbound-endpoint path="C:\Users\priyanka.sharma\Desktop\input" moveToDirectory="C:\Users\priyanka.sharma\Desktop\output" responseTimeout="10000" doc:name="File"/>
        <dw:transform-message doc:name="Transform Message">
            <dw:input-variable doc:sample="sample_data\empty.xml" variableName="username"/>
            <dw:set-payload><![CDATA[%dw 1.0
%output application/json
---
payload


]]></dw:set-payload>
            <dw:set-variable variableName="flowVar"><![CDATA[%dw 1.0
%output application/json
---
payload.books map	{
	item: {
      type: "book",
      properties: {
        title: $.title,
        Price: $.price,
        author: $.author
      }
    }
	
}
]]></dw:set-variable>
            <dw:set-session-variable variableName="SesVar"><![CDATA[%dw 1.0
%output application/json
---
payload.books map	{
	item: {
      type: "book",
      year: $.year,
      properties: {
        title: $.title,
        Price: $.price,
        author: $.author,
        year: $.book
        
      }
    }
	
}
]]></dw:set-session-variable>
        </dw:transform-message>
        <logger message="#[flowVars.flowVar]" level="INFO" doc:name="Logger"/>
        <set-payload doc:name="Set Payload" value="#[flowVars.flowVar]"/>
        <file:outbound-endpoint path="C:\Users\priyanka.sharma\Desktop\output" responseTimeout="10000" doc:name="File"/>

    </flow>

</mule>
